	title	lat	lng
0	Pawtucket (Ann Mary St), RI	41.855987	-71.403579
1	Billerica, MA	42.555735	-71.263216
2	Naples, FL	26.131539	-81.773177
3	Bronx (3rd Ave), NY	40.817048	-73.915431
4	West Chester, PA	39.920728	-75.577819
5	Irondequoit, NY	43.20139	-77.569082
6	Columbus (Milgen Rd), GA	32.51999	-84.891832
7	Fort Oglethorpe, GA	34.948753	-85.234614
8	Andover, MA	42.664323	-71.144176
9	Anchorage (Benson Blvd.), AK	61.192994	-149.869568
10	Palm Harbor, FL	28.051398	-82.738544
11	Grand Junction, CO	39.076438	-108.538786
12	Gastonia, NC	35.260294	-81.151801
13	Methuen, MA	42.72354	-71.160564
14	Fredericksburg (Eagle Village), VA	38.306167	-77.480052
15	Jacksonville (Orange Park), FL	30.186435	-81.741043
16	Denver (Chambers Rd), CO	39.785884	-104.81179
17	North Phoenix (Moon Valley), AZ	33.641257	-112.066936
18	Dewitt, NY	43.055335	-76.067824
19	Atlanta (Chamblee Tucker Rd), GA	33.885567	-84.24907
20	West Mifflin, PA	40.344565	-79.947746
21	Hawaiian Gardens, CA	33.838102	-118.072239
22	Westland, MI	42.339	-83.382473
23	New Boston, OH	38.751175	-82.935676
24	Plainfield Township, MI	43.037766	-85.610306
25	Casselberry, FL	28.644327	-81.3212
26	Drexel Hill, PA	39.959932	-75.28901
27	Centreville (Multiplex Dr), VA	38.827186	-77.442294
28	Melbourne, FL	28.121411	-80.638656
29	Virginia Beach (Laskin Rd), VA	36.849564	-76.037335
30	Erie (West), PA	42.106587	-80.135773
31	San Antonio (NW Military), TX	29.573576	-98.54658
32	Mt. Pocono, PA	41.122255	-75.374333
33	Portland (182nd St), OR	45.50792	-122.475638
34	Merrillville, IN	41.47177	-87.3364248
35	Hauppauge, NY	40.807597	-73.25539
36	Fort Wright, KY	39.040595	-84.570422
37	Woodridge, IL	41.729713	-88.029078
38	Weatherford, TX	32.736455	-97.796576
39	Ferguson, MO	38.767062	-90.283354
40	Crystal Lake, IL	42.226282	-88.315041
41	Baltimore City (Alameda), MD	39.359836	-76.596532
42	Kentwood, MI	42.867463	-85.645536
43	River Ridge, LA	29.961283	-90.223313
44	Charlotte (South Blvd.), NC	35.153822	-80.876288
45	Clinton, NJ	40.64789	-74.909822
46	Dover, NH	43.219101	-70.884675
47	Aiken, SC	33.508616	-81.711538
48	Charlotte (Whitehall), NC	35.139582	-80.937446
49	Corsicana, TX	32.0732	-96.5026
50	Fort Smith, AR	35.361088	-94.368432
51	Hammond, LA	30.500109	-90.481261
52	Tinley Park, IL	41.598626	-87.795064
53	Middletown, NJ	40.376583	-74.094709
54	Ponca City, OK	36.735757	-97.069436
55	Durham, NC	36.019562	-78.912312
56	Philadelphia (Island Ave), PA	39.903229	-75.243093
57	Hurst (Pipeline Rd), TX	32.822705	-97.159355
58	Revere (Wonderland), MA	42.410668	-70.996749
59	Berlin, VT	44.217015	-72.5674
60	Phoenix (Alhambra), AZ	33.508468	-112.095484
61	Lawrence, KS	38.937896	-95.264156
62	San Antonio (Nacogdoches), TX	29.567712	-98.385642
63	Bowmanville, ON	43.907623	-78.71026
64	New Braunfels, TX	29.68614	-98.133959
65	Durham (MLK Jr Pkwy), NC	35.950788	-78.927354
66	Universal City, TX	29.551969	-98.307007
67	Overland Park (93rd & Quivira), KS	38.959412	-94.724902
68	Warwick, RI	41.742839	-71.406859
69	Salina, KS	38.808315	-97.597869
70	Oshkosh, WI	44.004688	-88.58162
71	Santo Domingo (Silver Sun Gallery), DR	18.475397	-69.928873
72	Fairfax, VA	38.852061	-77.325865
73	San Juan (El Monte Mall), PR	18.411526	-66.058813
74	Pasadena, TX	29.648508	-95.171868
75	Bowie, MD	38.983933	-76.729316
76	Venice, FL	27.049891	-82.395338
77	Middletown, NY	41.451452	-74.384981
78	San Antonio (Bandera), TX	29.496553	-98.624815
79	Charlotte (Carmel Commons), NC	35.086245	-80.849401
80	Seguin, TX	29.570425	-97.937984
81	Urbandale, IA	41.627921	-93.736448
82	Vincennes, IN	38.688747	-87.508563
83	Inglewood (Manchester Blvd), CA	33.960491	-118.348922
84	Philadelphia (Fishtown), PA	39.97579	-75.121864
85	Richmond Heights, OH	41.541673	-81.493153
86	Salem (Traders Way), MA	42.502287	-70.923261
87	Findlay, OH	41.054762	-83.60896
88	Las Vegas (Decatur & Flamingo), NV	36.117347	-115.211582
89	Indianapolis (Kentucky), IN	39.713329	-86.236842
90	Escondido, CA	33.131203	-117.063204
91	Lawrenceville, GA	33.939559	-84.123056
92	Brooklyn (Boerum Place), NY	40.689654	-73.990525
93	Oxon Hill, MD	38.820194	-77.000802
94	Portage, MI	42.223922	-85.589492
95	Mt. Laurel, NJ	39.970215	-74.880113
96	Mt. Pleasant, MI	43.547499	-84.733936
97	Fort Lauderdale (W. Broward Blvd), FL	26.121456	-80.174121
98	White Bear Lake, MN	45.038866	-93.01984
99	Atlanta (Greenbriar Pkwy), GA	33.688549	-84.493293
100	Honolulu (Ala Moana), HI	21.289565	-157.845658
101	Berea, SC	34.857892	-82.457447
102	Laramie, WY	41.318057	-105.596872
103	Peckville, PA	41.475562	-75.603911
104	London (Oxbury Mall), ON	42.996695	-81.251319
105	Delaware, OH	40.308082	-83.098059
106	Lacey, WA	47.039836	-122.831639
107	Grants Pass, OR	42.421057	-123.332396
108	Crowley, TX	32.578425	-97.357299
109	Waynesboro, VA	38.079499	-78.924594
110	Everett, WA	47.927495	-122.221426
111	Lafayette (Ambassador Caffery Pkwy), LA	30.177252	-92.071406
112	Torrington, CT	41.814487	-73.122005
113	Clovis, NM	34.433871	-103.198642
114	Tullahoma, TN	35.384644	-86.237386
115	Clarksville, TN	36.575468	-87.407739
116	Alexandria, VA	38.829562	-77.108982
117	Mobile West (Schillinger Rd), AL	30.671531	-88.225619
118	San Antonio (West Side), TX	29.432425	-98.553977
119	Grand Forks, ND	47.914817	-97.044972
120	Hyattsville, MD	38.915937	-76.858396
121	San Antonio (Potranco), TX	29.434557	-98.716034
122	St. Louis (Holly Hills), MO	38.564059	-90.258271
123	Danville, KY	37.618811	-84.774676
124	Elizabethtown, KY	37.716784	-85.878427
125	Columbia, MO	38.954522	-92.374319
126	Henderson, KY	37.864911	-87.573492
127	South Milwaukee, WI	42.902543	-87.86556
128	Logan, UT	41.74396	-111.836541
129	Conroe, TX	30.331184	-95.465012
130	Louisville (Dixie Highway), KY	38.165447	-85.830608
131	Peoria (South), AZ	33.580042	-112.223957
132	Bullhead City, AZ	35.099643	-114.596956
133	La Grange, KY	38.403291	-85.379418
134	Johnstown, PA	40.299406	-78.831633
135	Peoria, IL	40.738192	-89.607485
136	Oconomowoc, WI	43.085264	-88.473859
137	Paducah, KY	37.082209	-88.6875
138	Los Angeles (Washington Blvd), CA	34.025538	-118.252954
139	Aurora, CO	39.695262	-104.832125
140	Kenner, LA	30.036601	-90.24021
141	Lee, NH	43.153491	-71.007246
142	Memphis (Elvis Presley Blvd), TN	35.03621	-90.027335
143	Mattoon, IL	39.484881	-88.348739
144	Millington, TN	35.351093	-89.901872
145	Seffner, FL	27.98293	-82.28854
146	Ogden, UT	41.260515	-111.970613
147	San Antonio (SE Military), TX	29.35693	-98.479296
148	Madison, IN	38.780633	-85.381766
149	Louisville (S.Hrstbrn), KY	38.196769	-85.603337
150	Louisville (Middletown), KY	38.241538	-85.510634
151	Manhattan (Harlem 125th Street), NY	40.808869	-73.949206
152	New Albany, IN	38.331544	-85.820041
153	Elyria, OH	41.400122	-82.10702
154	Washington, PA	40.212495	-80.19487
155	Shamokin Dam, PA	40.854655	-76.815353
156	Shrewsbury, MA	42.274574	-71.75048
157	Poughkeepsie, NY	41.741897	-73.93088
158	Danvers, MA	42.5657	-70.918911
159	Goodyear, AZ	33.440639	-112.426735
160	Baltimore City (Reisterstown Rd), MD	39.355921	-76.706418
161	Winchester, KY	38.002466	-84.216798
162	Cedar Rapids, IA	41.977206	-91.716429
163	Inglewood (Imperial Hwy), CA	33.9294864	-118.3252067
164	Shelbyville, KY	38.213465	-85.254982
165	Weslaco, TX	26.170451	-98.011002
166	Atlanta (Adamsville), GA	33.759450	-84.507033
167	Mechanicsburg (Carlisle Pike), PA	40.237316	-76.967591
168	Charlotte (Coronation Blvd), NC	35.141904	-80.731854
169	Langhorne, PA	40.155426	-74.882875
170	Kitchener, ON	43.4139777	-80.4817696
171	East Orange, NJ	40.755291	-74.200699
172	Albuquerque (Eubank), NM	35.096757	-106.532683
173	Falmouth, MA	41.556155	-70.600318
174	Fargo, ND	46.862597	-96.856156
175	Roswell, NM	33.370689	-104.5238
176	Altamonte Springs, FL	28.658888	-81.421918
177	Warminster, PA	40.210878	-75.107091
178	Centereach, NY	40.861263	-73.080599
179	Plymouth, MA	41.943838	-70.709296
180	Towson, MD	39.384728	-76.57919
181	Summerville, SC	33.023774	-80.167731
182	New Hartford, NY	43.078357	-75.295391
183	Zanesville, OH	39.988342	-82.028771
184	Fresno (W Shaw Ave), CA	36.808925	-119.854529
185	Baltimore City (Inner Harbor), MD	39.287127	-76.615735
186	N. Syracuse, NY	43.124414	-76.141696
187	Sicklerville, NJ	39.750407	-74.993262
188	Roswell (Alpharetta Hwy), GA	34.042459	-84.344362
189	Greensburg, PA	40.306172	-79.575772
190	Covina, CA	34.106352	-117.904349
191	Marietta (Canton Rd), GA	34.022293	-84.529583
192	Newark, DE	39.665192	-75.72694
193	Benton Harbor, MI	42.080151	-86.423004
194	Bowling Green, OH	41.355474	-83.650396
195	Bronx (Pelham Bay), NY	40.848131	-73.830827
196	Warren, MI	42.491648	-82.984958
197	Ypsilanti, MI	42.24986	-83.655537
198	Cherry Hill, NJ	39.896101	-74.950992
199	Woonsocket, RI	42.015164	-71.470785
200	San Antonio (Fredericksburg), TX	29.488775	-98.548336
201	Rocky Point, NY	40.944923	-72.946675
202	Youngstown (Boardman), OH	41.02445	-80.676321
203	Greenlawn, NY	40.868848	-73.351553
204	Austin (E. Riverside), TX	30.234371	-97.720623
205	Searcy, AR	35.251692	-91.689533
206	Homestead, FL	25.480337	-80.421722
207	Fairfield, OH	39.340579	-84.562176
208	Sacramento (Country Club), CA	38.608512	-121.385094
209	Moreno Valley, CA	33.936973	-117.261715
210	Hagerstown, MD	39.622235	-77.733834
211	Allentown (Hanover Ave), PA	40.618443	-75.434877
212	Parkersburg, WV	39.231665	-81.551067
213	Bronx (Gun Hill Rd), NY	40.86474	-73.835347
214	Anaheim (West Katella Ave), CA	33.801909	-117.938724
215	Louisville (Jefferson Boulevard), KY	38.14314	-85.67488
216	Sewell (Washington Township), NJ	39.748308	-75.076574
217	Metairie, LA	29.9798	-90.1522
218	Royal Oak, MI	42.511557	-83.162419
219	West Seneca, NY	42.829643	-78.7729
220	Phoenixville, PA	40.130002	-75.552494
221	Salisbury, NC	35.665118	-80.501357
222	Kingston, ON	44.258109	-76.556549
223	Hixson, TN	35.138387	-85.249058
224	Wilson, NC	35.756938	-77.959213
225	Milwaukee (Southgate), WI	42.983404	-87.948472
226	Blue Springs, MO	39.010356	-94.268842
227	Mason, OH	39.293662	-84.307367
228	Laveen, AZ	33.393416	-112.1386
229	Salem, OR	44.962403	-122.984952
230	Wichita Falls, TX	33.878633	-98.545376
231	Bensalem, PA	40.095309	-74.94412
232	Erie (East), PA	42.148849	-80.002522
233	Dallas (Camp Wisdom), TX	32.661822	-96.871812
234	Alexandria (Huntington), VA	38.788709	-77.065834
235	Hot Springs, AR	34.475381	-93.063962
236	Smyrna, GA	33.87348	-84.528497
237	Dothan, AL	31.230823	-85.432132
238	Chambersburg, PA	39.924189	-77.610906
239	Philadelphia (Roxborough), PA	40.036312	-75.21735
240	Easton, PA	40.676388	-75.265996
241	Manhattan (Wall St.), NY	40.705702	-74.014058
242	Lodi, CA	38.129322	-121.26075
243	Worthington, OH	40.133825	-83.013598
244	Ontario, CA	34.030377	-117.611028
245	Steubenville, OH	40.36957	-80.673122
246	Brooklyn (Flatbush), NY	40.662143	-73.961715
247	Webster, NY	43.190271	-77.498187
248	Milford, OH	39.191794	-84.23686
249	Weymouth, MA	42.193575	-70.948877
250	Amarillo, TX	35.184792	-101.882662
251	Colorado Springs (Constitution), CO	38.872015	-104.71908
252	Westminster, MD	39.582028	-76.991058
253	Louisville (Valley Station), KY	38.097358	-85.872541
254	Monaca, PA	40.674331	-80.312801
255	Leesburg, FL	28.803596	-81.888082
256	Chicago (Back of Yards), IL	41.809671	-87.674978
257	Chicopee, MA	42.190326	-72.57694
258	Hialeah (49th Street), FL	25.865702	-80.293052
259	Barboursville, WV	38.423285	-82.269412
260	Sioux City, IA	42.47736	-96.330793
261	Brooklyn (East New York), NY	40.655063	-73.88811
262	Natrona Heights, PA	40.623025	-79.723682
263	Newburyport, MA	42.819875	-70.905038
264	Alliance, OH	40.901747	-81.088084
265	Tuscaloosa, AL	33.199618	-87.525368
266	Coral Springs (University Drive), FL	26.257826	-80.250265
267	Hattiesburg, MS	31.324693	-89.329045
268	St. Clairsville, OH	40.066638	-80.862435
269	San Jose (Princeton Plaza), CA	37.24386	-121.889344
270	Boynton Beach, FL	26.531149	-80.12035
271	Norwalk, CT	41.138411	-73.427846
272	Bloomfield Twp, MI	42.542086	-83.2853
273	Lake Worth, FL	26.619145	-80.144804
274	Santa Fe (Cerrillos), NM	35.660162	-105.98407
275	Rosenberg, TX	29.572663	-95.77817
276	St. Paul (Sun Ray), MN	44.952156	-93.010735
277	El Centro, CA	32.810141	-115.574177
278	Sterling (Town Center Plaza), VA	39.013254	-77.374467
279	North York (Yorkgate Mall), ON	43.758465	-79.522093
280	Thornton, CO	39.883712	-104.978565
281	McDonough, GA	33.430043	-84.180851
282	Visalia, CA	36.312038	-119.332971
283	Pascagoula, MS	30.379067	-88.528476
284	Santa Ana (E Edinger), CA	33.725122	-117.842735
285	Troy (John R Road), MI	42.537224	-83.106948
286	Athens, GA	33.9397771	-83.4583268
287	Portland (Marginal Way), ME	43.663051	-70.262376
288	Orlando (Metro West), FL	28.517219	-81.461379
289	Henderson (E Lake Mead), NV	36.040875	-114.977404
290	El Monte, CA	34.071581	-118.027452
291	Camarillo, CA	34.235089	-119.038335
292	Belleville, ON	44.18505	-77.406009
293	Renton, WA	47.501517	-122.187401
294	Carlisle, PA	40.180303	-77.218865
295	Ormond Beach, FL	29.268019	-81.02931
296	Toronto (Gerrard Square), ON	43.669475	-79.341131
297	Wooster, OH	40.827902	-81.910727
298	Fountain Valley, CA	33.728324	-117.921581
299	San Jose (Saratoga Ave), CA	37.299764	-121.983188
300	Puyallup, WA	47.200675	-122.303614
301	Lakewood, NY	42.097505	-79.306358
302	Seekonk, MA	41.825709	-71.340627
303	Benton, AR	34.57726	-92.578587
304	Carle Place, NY	40.747674	-73.619204
305	Springfield (Parker St), MA	42.140139	-72.499372
306	University Place, WA	47.241872	-122.529616
307	Morris Plains, NJ	40.843719	-74.463942
308	Buford, GA	34.0935906	-84.0028522
309	Forest Park, IL	41.864842	-87.812195
310	Fort Myers (McGregor Blvd), FL	26.516639	-81.94488
311	Brooklyn (Duffield), NY	40.690633	-73.984403
312	Raytown, MO	39.011231	-94.485293
313	Gretna, LA	29.913508	-90.046802
314	Tempe, AZ	33.39513	-111.909138
315	Prescott, AZ	34.548383	-112.436067
316	Austin (W. Anderson Lane), TX	30.349235	-97.71625
317	Houston (Cypress), TX	29.996398	-95.623878
318	Elkhart, IN	41.733797	-85.977281
319	Greece (Rochester), NY	43.238635	-77.646814
320	Farmington Hills, MI	42.497721	-83.338988
321	Macon, GA	32.858627	-83.793299
322	Orange, TX	30.095633	-93.756252
323	Manhattan (177th Street), NY	40.847189	-73.937968
324	New Haven, CT	41.338523	-72.980892
325	Jonesboro, GA	33.536254	-84.366551
326	Torrance, CA	33.849926	-118.353262
327	Overland, MO	38.686733	-90.355568
328	Flint Township, MI	42.978068	-83.772037
329	Delray Beach, FL	26.457811	-80.122541
330	Howell, MI	42.602593	-83.917238
331	Mentor, OH	41.657850	-81.361229
332	Tucson (The Bridges), AZ	32.187101	-110.956094
333	Callaway (Parker), FL	30.14563	-85.591103
334	Trevose, PA	40.153499	-74.973118
335	Birmingham (Hoover), AL	33.350252	-86.795167
336	Gahanna, OH	40.011002	-82.867011
337	Clifton Heights, PA	39.924241	-75.308578
338	Philadelphia (Fox Street), PA	40.007915	-75.172232
339	Jacksonville (Ft. Caroline Rd.), FL	30.365273	-81.596512
340	Pompton Lakes, NJ	41.007267	-74.292956
341	Duluth (John's Creek), GA	34.002	-84.170881
342	Memphis (Summer Ave), TN	35.149125	-89.90257
343	Avondale, AZ	33.447952	-112.308179
344	West Palm Beach, FL	26.758736	-80.110678
345	Raleigh (E. Six Forks Rd), NC	35.818971	-78.62618
346	Peekskill, NY	41.296388	-73.893996
347	Sioux Falls, SD	43.514844	-96.743766
348	San Bernardino (S. Mt. Vernon), CA	34.090975	-117.3151
349	Hopkinsville, KY	36.844487	-87.484805
350	Omaha (36th and Q), NE	41.207962	-95.967207
351	Indianapolis (38th St), IN	39.82485	-86.249077
352	Lancaster, CA	34.692096	-118.172415
353	Erie, PA	42.059598	-80.089707
354	Redding, CA	40.58144	-122.358258
355	Staten Island (South Ave), NY	40.601524	-74.193256
356	Columbia (Garners Ferry Rd), SC	33.962535	-80.941665
357	Gainesville (13th St), FL	29.673372	-82.339323
358	Miami (NW 67th Ave), FL	25.942579	-80.307054
359	Scranton, PA	41.427728	-75.649034
360	Bellflower, CA	33.875699	-118.140275
361	Chattanooga (Perimeter Drive), TN	35.029764	-85.183476
362	Manhattan (27th St.), NY	40.74618	-73.993336
363	Souderton, PA	40.314883	-75.311233
364	Tallahassee (N. Monroe), FL	30.466934	-84.283623
365	Eustis, FL	28.827387	-81.686567
366	Stockton, CA	37.989549	-121.320123
367	Johnson City, TN	36.332818	-82.405237
368	South Tulsa, OK	36.031883	-95.882766
369	Fairfield, NJ	40.885125	-74.287575
370	Jacksonville (Cobblestone), FL	30.36219	-81.501686
371	Conway, AR	35.093552	-92.42691
372	Newark, OH	40.085966	-82.419805
373	Rochester, NH	43.313282	-70.995605
374	Delano, CA	35.776935	-119.252915
375	Cordova, TN	35.176296	-89.791432
376	Richmond (South Side), VA	37.507004	-77.580584
377	Springfield (S. Campbell Ave), MO	37.183424	-93.294118
378	Springfield, MO	37.13844	-93.335271
379	Greenville, SC	34.821497	-82.341054
380	Melrose Park, IL	41.909434	-87.883689
381	Altoona, PA	40.484961	-78.401085
382	Milwaukee (Midtown), WI	43.090864	-87.984133
383	Jamaica (Jamaica Ave.), NY	40.713533	-73.759176
384	Broomall, PA	39.98267	-75.373588
385	Watertown, NY	43.980734	-75.942811
386	Lawton, OK	34.624155	-98.442032
387	Lake Charles, LA	30.183998	-93.220352
388	Laurel, MD	39.097279	-76.841201
389	Las Vegas (Rancho Dr), NV	36.241964	-115.233544
390	Brooklawn, NJ	39.878704	-75.113907
391	Toledo (Glendale Ave.), OH	41.612443	-83.624529
392	Ahwatukee, AZ	33.320648	-111.970335
393	Albuquerque (South Coors), NM	35.02353	-106.712179
394	Lockport, IL	41.59328	-88.040637
395	Nacogdoches, TX	31.612293	-94.639791
396	Fort Myers (Cleveland Ave), FL	26.605264	-81.870943
397	Coconut Creek, FL	26.244829	-80.187413
398	Milford (Main St), MA	42.127768	-71.518184
399	Clinton, MS	32.332322	-90.327021
400	Surrey, BC	49.1959535	-122.8471147
401	Ashland, KY	38.477422	-82.650983
402	Lufkin, TX	31.340725	-94.716095
403	Hanover, MA	42.110568	-70.813616
404	Knightdale, NC	35.795118	-78.5041
405	Portsmouth, NH	43.053081	-70.768898
406	Washington (Ivy City), DC	38.915487	-76.984425
407	Mantua, NJ	39.790272	-75.177116
408	Pasadena, MD	39.124529	-76.583748
409	Turlock, CA	37.492543	-120.862997
410	Bakersfield, CA	35.319202	-119.02887
411	Brampton (Centennial Mall), ON	43.701576	-79.755921
412	Joplin, MO	37.06852	-94.476687
413	Lancaster (Willow Street), PA	39.984314	-76.282131
414	Lafayette (Northgate), LA	30.247337	-92.009171
415	San Angelo, TX	31.419983	-100.472898
416	Concord, CA	37.994534	-122.032444
417	North Scarborough, ON	43.823643	-79.303481
418	Southfield, MI	42.508927	-83.221025
419	Dubuque, IA	42.494822	-90.722654
420	Mishawaka, IN	41.680438	-86.187105
421	Rocky River, OH	41.482006	-81.837476
422	Groton, CT	41.346485	-72.050231
423	Bradenton, FL	27.494802	-82.62726
424	Hoboken, NJ	40.743601	-74.028799
425	Wilmington (Farrand Dr), DE	39.727724	-75.650187
426	Rapid City, SD	44.107082	-103.212653
427	Bloomsburg, PA	41.017442	-76.488785
428	Idaho Falls, ID	43.4960088	-112.0026787
429	North Chandler, AZ	33.348399	-111.859567
430	Pearl, MS	32.280938	-90.121841
431	Oakland, CA	37.789584	-122.197002
432	Sterling Heights (Ryan Rd.), MI	42.59249	-83.068944
433	Spring Hill, FL	28.460557	-82.540934
434	Brick (Route 88), NJ	40.073668	-74.119332
435	Rockaway, NJ	40.906837	-74.565846
436	Palmdale, CA	34.6098	-118.149837
437	Victorville, CA	34.476759	-117.339087
438	Wyoming, MI	42.912634	-85.690244
439	Goshen, IN	41.606538	-85.882093
440	Palm Bay, FL	27.998895	-80.674865
441	Burlington, ON	43.357496	-79.807933
442	Spokane (W NW Blvd), WA	47.678422	-117.436803
443	Shillington, PA	40.308025	-75.95909
444	Lexington, SC	34.002007	-81.216399
445	Austin (Round Rock), TX	30.518032	-97.683812
446	Belleville, MI	42.222522	-83.487292
447	Middletown, DE	39.458387	-75.719496
448	Dearborn (Michigan Ave), MI	42.2976819	-83.2763707
449	Monroe, NC	35.004939	-80.55701
450	Birmingham (Homewood), AL	33.451072	-86.825602
451	Wichita (Normandie), KS	37.693956	-97.26011
452	Rotterdam, NY	42.787138	-73.940305
453	Nepean, ON	45.329105	-75.821368
454	Milton, GA	34.101184	-84.270911
455	Jasper, AL	33.84781	-87.26912
456	Helena, MT	46.615536	-112.016285
457	Marion, OH	40.580927	-83.099284
458	Ann Arbor, MI	42.277403	-83.777731
459	Addison, IL	41.947022	-88.023948
460	Perry Hall, MD	39.414326	-76.464369
461	Greenfield, IN	39.808993	-85.769807
462	Texarkana, TX	33.434854	-94.082554
463	Dallas (Garland South), TX	32.845898	-96.596426
464	Orange City, FL	28.911846	-81.295746
465	Salt Lake City, UT	40.761858	-111.889309
466	Beaumont, TX	30.129249	-94.16107
467	Springfield (Wabash Ave), IL	39.76406	-89.685007
468	Woburn, MA	42.471435	-71.136511
469	Raleigh (Glenwood Ave), NC	35.885537	-78.73772
470	Arlington, TX	32.708149	-97.100712
471	Sterling Heights (15 Mile Road), MI	42.55308	-82.992865
472	South Yarmouth, MA	41.656208	-70.207372
473	Queens (Jackson Heights), NY	40.748282	-73.882245
474	District Heights, MD	38.852759	-76.911754
475	Jacksonville (Baymeadows), FL	30.222028	-81.591648
476	Scarsdale, NY	40.991672	-73.823051
477	Alexandria (Mount Vernon), VA	38.720429	-77.127824
478	Baton Rouge (Siegen Lane), LA	30.386855	-91.063443
479	Cumberland, RI	41.945188	-71.438359
480	Anchorage (Dimond Blvd.), AK	61.136561	-149.91583
481	Council Bluffs, IA	41.244961	-95.826719
482	Flemington, NJ	40.500051	-74.855026
483	Maricopa, AZ	33.067692	-112.046492
484	Jackson, MI	42.275106	-84.430677
485	Richmond, CA	37.933134	-122.323019
486	Allentown (West), PA	40.588583	-75.558801
487	Garner, NC	35.684826	-78.615605
488	Gulfport, MS	30.464541	-89.10185
489	Chicago (Chatham), IL	41.743102	-87.632014
490	El Paso (Far East), TX	31.738254	-106.291666
491	Hadley, MA	42.356115	-72.554144
492	Lakeland (South), FL	27.986795	-81.958603
493	Oak Park, MI	42.473572	-83.180911
494	Charlotte (Freedom Dr.), NC	35.240797	-80.887154
495	Holland, MI	42.808846	-86.084297
496	Cinnaminson, NJ	39.987077	-75.011758
497	Salt Lake City (54th and Redwood), UT	40.654305	-111.941435
498	Utica, MI	42.630183	-82.993416
499	Hialeah Gardens, FL	25.881553	-80.354246
500	Wichita (Maize), KS	37.725871	-97.46125
501	Portland, TX	27.886177	-97.317677
502	Rio Rancho, NM	35.242128	-106.668493
503	Orlando (Holden Ave and Orange Blossom Trail), FL	28.498418	-81.396861
504	South Gate, CA	33.951963	-118.164396
505	Dallas (Garland North), TX	32.916168	-96.648468
506	Greenville (Wade Hampton), SC	34.884885	-82.354044
507	Sterling (Fitness Court), VA	38.994078	-77.4365197
508	Greenbelt, MD	39.004554	-76.875528
509	Apache Junction, AZ	33.413937	-111.578161
510	Milford (Boston Post Rd), CT	41.219511	-73.074509
511	Atlanta (Plaza Fiesta), GA	33.863669	-84.307577
512	Mundelein, IL	42.275362	-88.02165
513	Fairhaven, MA	41.643434	-70.889168
514	Centreville, VA	38.868631	-77.448425
515	Freehold, NJ	40.233089	-74.272937
516	Utica, NY	43.130952	-75.223472
517	Chino, CA	34.03147	-117.68412
518	Stone Mountain (Rockbridge Rd.), GA	33.824618	-84.117781
519	Fort Mill, SC	35.060492	-80.990228
520	Chillicothe, OH	39.357221	-82.978608
521	Huntington Park, CA	33.976038	-118.233594
522	Fort Worth (E. Lancaster), TX	32.742283	-97.263175
523	New Philadelphia, OH	40.4959	-81.472535
524	Frisco, TX	33.136501	-96.806205
525	Farmers Branch, TX	32.93723	-96.888373
526	Springfield (Bechtle Ave), OH	39.942744	-83.835631
527	Lexington (Nicholasville Rd), KY	38.002191	-84.52055
528	La Puente, CA	34.05011	-117.945285
529	Colorado Springs (Austin Bluffs), CO	38.896379	-104.748985
530	Woodhaven, MI	42.137157	-83.222549
531	Mobile (University Blvd), AL	30.66588	-88.170302
532	Aurora (Fox Valley), IL	41.764864	-88.208232
533	Clinton, MD	38.785043	-76.897359
534	Succasunna, NJ	40.870424	-74.646722
535	Panama City, FL	30.187116	-85.647852
536	Waco, TX	31.526117	-97.166579
537	Dallas (12th Street), TX	32.740723	-96.838387
538	Bessemer, AL	33.389050	-86.980395
539	Deland, FL	29.028089	-81.297382
540	Murrells Inlet, SC	33.581203	-79.027093
541	Ceres, CA	37.593466	-120.942613
542	Orlando (Hunters Creek/ Southchase), FL	28.384252	-81.404407
543	Denver (East Evans), CO	39.678408	-104.906815
544	Phoenix (Bellair), AZ	33.639011	-112.167496
545	Pensacola (Davis Highway), FL	30.489841	-87.225587
546	Kansas City (N Oak & Barry), MO	39.246496	-94.574135
547	Smithfield, RI	41.870263	-71.530007
548	Peoria (North), AZ	33.672465	-112.239401
549	Springdale, AR	36.174258	-94.175706
550	Birmingham (Vestavia Hills), AL	33.446122	-86.792285
551	Edwardsville, IL	38.788954	-89.954281
552	Fayetteville, NC	35.069462	-78.969748
553	Bronx (225th St.), NY	40.880325	-73.909528
554	Seattle (Rainier Beach), WA	47.522647	-122.270754
555	Charlotte (Central Ave), NC	35.207032	-80.754493
556	Lorain, OH	41.419419	-82.205463
557	Bristol, CT	41.684319	-72.939667
558	Harrisburg (Port View Dr.), PA	40.249548	-76.826164
559	Kennesaw, GA	34.032711	-84.673088
560	Owosso, MI	42.997853	-84.141083
561	Mission, KS	39.021366	-94.664799
562	Manchester, CT	41.796586	-72.552617
563	Kansas City (Antioch & Vivion), MO	39.184699	-94.552206
564	Burbank, CA	34.200355	-118.368662
565	Huntington Beach (Goldenwest St), CA	33.685059	-118.009251
566	Enola, PA	40.290413	-76.949695
567	Houston (Spring Branch), TX	29.812677	-95.541662
568	Lynwood, CA	33.928804	-118.216249
569	Orlando (Rio Pinar), FL	28.536561	-81.27409
570	Friendswood (Bay Area), TX	29.523768	-95.16239
571	Roswell, GA	34.019695	-84.312623
572	Redford, MI	42.369972	-83.312774
573	St. Cloud, MN	45.553134	-94.190918
574	Hendersonville, NC	35.30589	-82.457109
575	Webster, MA	42.059756	-71.866871
576	Berlin, NJ	39.807255	-74.92994
577	Crystal, MN	45.051969	-93.369853
578	Kingston (Miron Ln), NY	41.959548	-73.986648
579	Lewisville, TX	33.029855	-96.995348
580	High Point (South Main Street), NC	35.922052	-79.984192
581	Grand Prairie, TX	32.70942	-97.01141
582	Rialto, CA	34.137236	-117.374986
583	Aurora (Northgate Plaza), IL	41.775925	-88.31762
584	Oxnard, CA	34.221864	-119.178748
585	Bossier City, LA	32.526718	-93.721296
586	New Orleans (Crowder Blvd.), LA	30.027453	-89.992537
587	Enid, OK	36.397121	-97.890612
588	Bentonville, AR	36.358316	-94.223492
589	Belton, TX	31.061247	-97.461229
590	Queens (Astoria), NY	40.762825	-73.915459
591	Pompano, FL	26.211998	-80.154373
592	Henrietta, NY	43.088287	-77.642895
593	Albuquerque (Coors Blvd.), NM	35.120587	-106.702546
594	Deer Park, TX	29.678605	-95.124062
595	St. Charles, IL	41.900056	-88.337929
596	Mississauga (Dundas St), ON	43.610107	-79.583751
597	Knoxville (North Broadway), TN	36.026121	-83.929233
598	Belmont (Park St), NC	35.252407	-81.028717
599	West Mesa, AZ	33.420956	-111.851339
600	Hyattsville (East West Highway), MD	38.968627	-76.959692
601	Barrie, ON	44.401509	-79.704505
602	Riverside, CA	33.972206	-117.351548
603	Rocky Mount, NC	35.977981	-77.8092
604	Midwest City, OK	35.46558	-97.42452
605	Somerset, NJ	40.51769	-74.490395
606	Santa Catarina, NL	25.6775062	-100.4024556
607	Fort Worth (Ephriham), TX	32.787347	-97.378444
608	Sandusky, OH	41.41643	-82.672082
609	Dorchester, MA	42.285229	-71.040387
610	Pottsville, PA	40.640748	-76.186799
611	Fresno (N Blackstone Ave), CA	36.785932	-119.791117
612	St. Augustine, FL	29.77839	-81.316504
613	Spartanburg West, SC	34.938613	-81.981174
614	Linden, NJ	40.645087	-74.25316
615	Burlington, WI	42.692682	-88.265142
616	Peru, IL	41.351946	-89.129438
617	Murrieta, CA	33.566867	-117.216264
618	Tampa (Florida Ave), FL	28.024568	-82.461696
619	Webster (El Dorado), TX	29.559997	-95.143131
620	Siloam Springs, AR	36.182121	-94.518973
621	West Palm Beach (Dixie Highway), FL	26.645501	-80.056267
622	Lincoln, NE	40.864453	-96.675452
623	Fairfield, CA	38.274911	-122.038159
624	Yukon, OK	35.497731	-97.760234
625	Sherman, TX	33.657029	-96.606346
626	Missoula, MT	46.8897915	-114.0387364
627	Spartanburg, SC	34.96357	-81.901152
628	Philadelphia (Mayfair), PA	40.029184	-75.058015
629	Martinsburg, WV	39.472439	-77.954885
630	El Paso (Far West), TX	31.852158	-106.556099
631	Monroe, MI	41.945208	-83.384836
632	Plainfield, IN	39.712545	-86.365418
633	Las Vegas (Decatur & Meadows), NV	36.170488	-115.206857
634	Denton, TX	33.230485	-97.140102
635	Edmond, OK	35.652959	-97.51486
636	Birmingham (Inverness), AL	33.419744	-86.697312
637	Fayetteville (West), AR	36.076572	-94.20898
638	Okemos, MI	42.725245	-84.419554
639	Enfield, CT	41.988923	-72.559692
640	Los Angeles (Midtown), CA	34.047112	-118.338055
641	Hobart, IN	41.549438	-87.239122
642	Austin (Westgate Blvd), TX	30.208781	-97.817801
643	Lakewood (Fairfield Commons), CO	39.716896	-105.079597
644	Fishers, IN	39.95943	-86.042933
645	Baton Rouge (Plank Rd), LA	30.495467	-91.158377
646	Bakersfield (California Ave), CA	35.36667	-119.048201
647	Westfield, MA	42.111508	-72.729547
648	Phoenix (Arcadia), AZ	33.478433	-111.99653
649	Coachella, CA	33.682781	-116.182503
650	Richmond (Eastgate Town Center), VA	37.544567	-77.365966
651	Jackson, MS	32.366261	-90.149345
652	Delran, NJ	40.01765	-74.942671
653	Conyers, GA	33.645516	-84.012514
654	Reading (Perkiomen Ave), PA	40.298656	-75.8482
655	Rome, GA	34.272795	-85.22992
656	Vancouver, WA	45.62566	-122.590371
657	Ottawa (Merivale), ON	45.3455089	-75.7339094
658	Jefferson City, MO	38.581387	-92.242598
659	Villa Park, IL	41.8599208	-87.9860765
660	Mableton, GA	33.807411	-84.573265
661	Santa Fe Springs (Whittier), CA	33.940885	-118.044252
662	New Bern, NC	35.106459	-77.084085
663	Miami (Ives Dairy), FL	25.960903	-80.186203
664	Hiram, GA	33.893337	-84.759919
665	Huntsville, AL	34.741257	-86.603076
666	Tacoma (Fern Hill), WA	47.167581	-122.437103
667	Garfield Heights, OH	41.400670	-81.595814
668	Foothill Ranch, CA	33.680342	-117.669057
669	Victor, NY	43.01724	-77.442368
670	Pennsville, NJ	39.61356	-75.504462
671	Dayton, OH	39.769185	-84.123546
672	Greenwood, SC	34.204423	-82.189853
673	Ocala, FL	29.162493	-82.092008
674	Pueblo, CO	38.304068	-104.606453
675	Smyrna, TN	35.985166	-86.494153
676	Tacoma (Eastside), WA	47.19218	-122.42215
677	St. George, UT	37.10772	-113.556522
678	Dallas (Mesquite), TX	32.7928902	-96.6843563
679	Denton (I-35 South), TX	33.183746	-97.109172
680	Catonsville, MD	39.290907	-76.718387
681	Brooklyn (Bensonhurst), NY	40.6046	-73.998
682	Rancho Cordova, CA	38.588646	-121.304434
683	Fairlawn, OH	41.131984	-81.652635
684	Leominster, MA	42.552549	-71.78303
685	Beloit, WI	42.523324	-89.011892
686	Knoxville (Western Avenue), TN	35.979524	-84.017435
687	Las Piedras, PR	18.186654	-65.888443
688	San Bernardino, CA	34.065507	-117.277886
689	Pittston, PA	41.31887	-75.771309
690	Shelby Twp, MI	42.669444	-83.033467
691	Martinsville, VA	36.653074	-79.874322
692	Lakeside, CO	39.776594	-105.060157
693	Traverse City, MI	44.722503	-85.637068
694	Sparks, NV	39.540148	-119.73379
695	Indianapolis (Shadeland), IN	39.890326	-86.04393
696	Laguna Niguel, CA	33.522355	-117.716944
697	Solon, OH	41.385014	-81.441052
698	Marinette, WI	45.080133	-87.66191
699	Omaha (84th & Giles), NE	41.179065	-96.044921
700	San Francisco, CA	37.793783	-122.401001
701	Waterville, ME	44.543827	-69.666636
702	Stamford (Harborview), CT	41.04877	-73.530272
703	Gilbert (Greenfield Lakes), AZ	33.334812	-111.741613
704	Margate, FL	26.272166	-80.197533
705	Windham, ME	43.8340037	-70.4403142
706	New Iberia, LA	29.98653	-91.826511
707	East Granby, CT	41.938462	-72.718029
708	North Charleston (Oak Ridge), SC	32.858115787199	-80.032812899317
709	Cape Girardeau, MO	37.3045135	-89.55206
710	North Kingstown, RI	41.630742	-71.470979
711	Rexville, PR	18.359627	-66.186887
712	Forest Hill, TX	32.660138	-97.249661
713	Grand Rapids (Lake Michigan Drive), MI	42.972512	-85.740103
714	Airmont, NY	41.109924	-74.095673
715	Marlboro, NJ	40.338134	-74.305989
716	Clearwater, FL	27.873951	-82.707403
717	Cedar Hill, TX	32.5968196	-96.9382534
718	San Diego (Euclid Ave), CA	32.72299	-117.083346
719	Hammonton, NJ	39.647509	-74.783719
720	Las Vegas (S. Nellis Blvd.), NV	36.148216	-115.065327
721	Denham Springs, LA	30.476164	-90.956583
722	West Bend, WI	43.425061	-88.201146
723	Richmond, IN	39.82946	-84.850445
724	Las Vegas (E Sahara Ave), NV	36.145344	-115.137695
725	Wichita (S Seneca), KS	37.639003	-97.355531
726	Chula Vista (Broadway Ave), CA	32.606064	-117.083552
727	Cedar Falls, IA	42.511392	-92.436759
728	Chicago (South Pulaski), IL	41.814142	-87.722142
729	Queen Creek, AZ	33.2521	-111.63454
730	Winston, NC	36.056307	-80.259416
731	Manhattan (Tribeca), NY	40.720779	-74.004356
732	Lindsay, ON	44.348484	-78.762198
733	Modesto East, CA	37.664638	-120.953517
734	Hampton, PA	40.599792	-79.94881
735	Bethel Park, PA	40.310156	-80.032574
736	Shawnee, OK	35.348285	-96.935007
737	Franklin (Milwaukee), WI	42.92584	-87.949711
738	Columbus (Sawmill Place Blvd), OH	40.100142	-83.089292
739	Castle Shannon, PA	40.368707	-80.037004
740	Evergreen Park, IL	41.722579	-87.682095
741	Silver Spring, MD	39.040216	-76.99099
742	Bend, OR	44.05925	-121.296788
743	Shelby, NC	35.273294	-81.514335
744	Burlington, WA	48.466059	-122.338702
745	Portland (NE 122nd Ave), OR	45.5346228	-122.5375772
746	Muncie, IN	40.21889	-85.37294
747	Owensboro, KY	37.75142	-87.052136
748	Bountiful, UT	40.883378	-111.884275
749	Streetsboro, OH	41.253373	-81.366115
750	Fairview, NJ	40.822625	-74.01172
751	Falmouth, ME	43.724386	-70.230324
752	Sacramento (Stockton Blvd.), CA	38.528706	-121.444471
753	Seattle (Aurora Ave), WA	47.725485	-122.349216
754	Santo Domingo (Plaza Central), DR	18.462729	-69.938327
755	Huber Heights, OH	39.865118	-84.140232
756	Naperville, IL	41.794814	-88.125946
757	Biddeford, ME	43.480757	-70.481942
758	Broken Arrow, OK	36.069854	-95.797449
759	Griffin, GA	33.247394	-84.285295
760	Hickory, NC	35.763787	-81.331186
761	Penn Hills, PA	40.462993	-79.824289
762	Independence, MO	39.037473	-94.414157
763	Sheboygan, WI	43.751562	-87.747415
764	South Burlington, VT	44.449359	-73.145642
765	Daphne, AL	30.6588549	-87.862202
766	Wappingers Falls, NY	41.596324	-73.909743
767	Manati, PR	18.430958	-66.484242
768	Toms River, NJ	39.976667	-74.137601
769	Malvern, PA	40.040423	-75.546283
770	Las Vegas (N Eastern Ave), NV	36.187873	-115.114015
771	Belton, MO	38.814157	-94.50868
772	Worcester, MA	42.240659	-71.843258
773	Brooklyn (Rockaway Ave.), NY	40.669144	-73.910278
774	Shawnee, KS	39.015875	-94.740374
775	East Hanover, NJ	40.826742	-74.426036
776	Pembroke Pines, FL	26.015443	-80.278428
777	Lee's Summit, MO	38.905568	-94.380707
778	Ft. Meade, MD	39.130369	-76.741373
779	Stoughton, MA	42.096618	-71.094825
780	Hilliard, OH	40.003701	-83.152967
781	Norwich, CT	41.545346	-72.093781
782	Brockton, MA	42.079868	-70.992919
783	Muskegon, MI	43.206179	-86.262982
784	Wilmington (Middlesex Ave), MA	42.567664	-71.159406
785	Pottstown, PA	40.268876	-75.623785
786	Downingtown, PA	40.007582	-75.700699
787	Houma, LA	29.607374	-90.752526
788	Oneida, NY	43.077387	-75.642431
789	Burton, MI	43.01687	-83.631119
790	Stow, OH	41.164828	-81.482459
791	Austin (Slaughter Lane), TX	30.172259	-97.823166
792	Pawtucket (Armistice Blvd), RI	41.879161	-71.363328
793	Ithaca, NY	42.483327	-76.490933
794	Ewing, NJ	40.244063	-74.758791
795	Belleville, NJ	40.792739	-74.145356
796	Biloxi, MS	30.401999	-88.975291
797	Bloomington, MN	44.806716	-93.359358
798	Nashua (NW), NH	42.802658	-71.541505
799	Fairhope, AL	30.520593	-87.885984
800	Canton (Whipple Ave), OH	40.846834	-81.423456
801	Shippensburg, PA	40.058599	-77.505542
802	Green Bay (West), WI	44.523866	-88.102018
803	North Charleston, SC	32.945824	-80.041318
804	East Haven, CT	41.321733	-72.859239
805	Apopka, FL	28.687087	-81.537738
806	McMinnville, OR	45.225681	-123.188152
807	Lake Forest Park, WA	47.754111	-122.278801
808	Vero Beach, FL	27.616566	-80.387651
809	Canton (Canton Center Rd), MI	42.330086	-83.488342
810	Manchester (Huse), NH	42.949663	-71.433535
811	Yonkers, NY	40.933152	-73.872476
812	Brooklyn (Bushwick), NY	40.700342	-73.940744
813	Lansing, MI	42.741034	-84.632800
814	Canal Winchester, OH	39.852733	-82.827837
815	Shrewsbury, MO	38.578908	-90.329642
816	Rockwall, TX	32.915927	-96.461852
817	Carmel, IN	39.959417	-86.118756
818	Bartlett, TN	35.204226	-89.871769
819	Orange, CT	41.259737	-73.010142
820	High Point, NC	35.991753	-79.999182
821	Rockville, MD	39.057308	-77.125223
822	Saginaw, MI	43.43676	-84.006229
823	Manchester West, NH	42.997359	-71.474936
824	Lafayette (Sagamore Pkwy), IN	40.396445	-86.854506
825	Chandler, AZ	33.28559	-111.842892
826	Fond du Lac, WI	43.783708	-88.407161
827	Lexington, KY	38.058451	-84.461621
828	Hermitage, PA	41.233362	-80.454537
829	Bayamon Oeste, PR	18.407976	-66.186518
830	New Rochelle, NY	40.911177	-73.78074
831	North Brunswick, NJ	40.434277	-74.489464
832	Hillsboro, OR	45.512731	-122.972718
833	Mesquite, TX	32.755173	-96.582871
834	Pflugerville, TX	30.450312	-97.657222
835	Bronx (White Plains Rd), NY	40.854211	-73.868036
836	North Adams, MA	42.699105	-73.112552
837	Memphis (Winchester Rd), TN	35.049558	-89.826391
838	Ruston, LA	32.542716	-92.639768
839	Waterford (Highland Rd), MI	42.660346	-83.389048
840	Indianapolis (W 10th St), IN	39.777703	-86.293659
841	Beaverton, OR	45.440849	-122.827973
842	St. Cloud, FL	28.250016	-81.311317
843	Morrisville, PA	40.206879	-74.801491
844	Fresno, CA	36.735836	-119.730901
845	Whitehall, OH	39.956473	-82.875538
846	Warwick (Bald Hill Rd), RI	41.7197596	-71.4857858
847	St. Petersburg, FL	27.820088	-82.728009
848	Rock Hill, SC	34.960153	-81.006228
849	Bonney Lake, WA	47.169556	-122.172041
850	Rochester, MN	44.009762	-92.44413
851	Mooresville, NC	35.592052	-80.853947
852	North Las Vegas (W. Craig Road), NV	36.240788	-115.160286
853	Orlando (Belle Isle), FL	28.481573	-81.330896
854	Canovanas, PR	18.364094	-65.893789
855	Oswego, NY	43.463777	-76.474841
856	Germantown, MD	39.177844	-77.271672
857	Manhattan (East Harlem), NY	40.79504	-73.931943
858	Oklahoma City (SW 59th St.), OK	35.406378	-97.56743
859	Lake Mary, FL	28.755023	-81.332171
860	Guilford, CT	41.288916	-72.672185
861	LaGrange, NY	41.673100	-73.806700
862	Brownsburg, IN	39.837608	-86.382263
863	Ponce, PR	17.99758	-66.638742
864	Upland, CA	34.107684	-117.670562
865	Greenville, TX	33.118641	-96.109963
866	Manhattan (Union Square), NY	40.735281	-73.992649
867	Sacramento (Mack Rd.), CA	38.474432	-121.431266
868	Rohnert Park, CA	38.345358	-122.711488
869	Tupelo, MS	34.28518	-88.714943
870	Pomona, CA	34.034643	-117.761036
871	Lawrenceville-Suwanee, GA	33.985682	-84.024846
872	Essex Junction, VT	44.484333	-73.081367
873	Townsend, MA	42.648754	-71.663525
874	Pittsburg, CA	38.009132	-121.871414
875	Tulsa, OK	36.091158	-95.886647
876	Somerset, MA	41.731701	-71.171581
877	Oklahoma City (Brookwood), OK	35.376254	-97.53011
878	Mississauga (Westdale Mall), ON	43.557557	-79.648053
879	Vallejo, CA	38.122955	-122.255367
880	Conway, SC	33.854629	-79.076822
881	Kamloops, BC	50.668519	-120.353735
882	Enterprise, AL	31.324945	-85.830128
883	Claremore, OK	36.314582	-95.618017
884	North Randall, OH	41.433372	-81.527220
885	South Bend, IN	41.670234	-86.316946
886	Brooklyn (Canarsie), NY	40.647035	-73.913602
887	Murray, UT	40.639909	-111.891342
888	Nashville (Nolensville Rd), TN	36.0642669	-86.7180093
889	San Juan (Ciudadela), PR	18.445385	-66.069139
890	Harlingen, TX	26.201923	-97.684681
891	Jackson (Carriage House Dr), TN	35.668627	-88.83177
892	Augusta, ME	44.350165	-69.796625
893	Wilmington (Monkey Junction), NC	34.106888	-77.901233
894	Aston, PA	39.864819	-75.425732
895	Columbia (Shady Brook St), TN	35.599254	-87.057867
896	Wilmington (South Kerr), NC	34.240124	-77.890493
897	Sterling, IL	41.807421	-89.660106
898	Norton, MA	41.982926	-71.208804
899	Des Moines, IA	41.553265	-93.596734
900	Charleston, SC	32.798117	-80.031803
901	Roanoke (Towers Shopping Center), VA	37.256823	-79.955114
902	Albuquerque (Menaul And Carlisle), NM	35.109325	-106.600414
903	Derry, NH	42.892461	-71.326817
904	Waterford (Boston Post Rd), CT	41.341497	-72.115921
905	Myrtle Beach, SC	33.714324	-78.895662
906	El Paso (East Side), TX	31.745557	-106.327532
907	Omaha (133rd Plaza), NE	41.235896	-96.122566
908	Port Huron, MI	43.036372	-82.453783
909	San Antonio (Marbach), TX	29.41592	-98.649983
910	Manhattan (Midtown West), NY	40.767418	-73.987959
911	Ardmore, OK	34.189618	-97.147288
912	Cranberry Township, PA	40.68365	-80.102171
913	Lakeland (North), FL	28.186071	-81.996645
914	Westbrook, ME	43.648855	-70.354297
915	Waltham, MA	42.38455	-71.199902
916	Kernersville, NC	36.112080	-80.089293
917	Regina, SK	50.446644	-104.540501
918	Kelso, WA	46.139857	-122.900693
919	Michigan City, IN	41.680699	-86.894071
920	Columbus (Indianola Ave.), OH	40.037967	-83.000546
921	Oklahoma City, OK	35.538765	-97.59494
922	Belmont (Daniel Webster Hwy), NH	43.515093	-71.491403
923	Gaithersburg, MD	39.128680	-77.207537
924	Menomonee Falls, WI	43.179663	-88.117917
925	Charlotte (University Blvd), NC	35.312017	-80.714199
926	Albuquerque (Montgomery), NM	35.130163	-106.515077
927	East Greenbush, NY	42.605423	-73.71811
928	Raymond, NH	43.036033	-71.165918
929	Appleton (West), WI	44.261752	-88.452854
930	Dedham, MA	42.244862	-71.173499
931	Waterloo, IA	42.467414	-92.322456
932	Cocoa, FL	28.461785	-80.76433
933	Galesburg, IL	40.976231	-90.383264
934	Anchorage (Northway), AK	61.216762	-149.819859
935	Horseheads, NY	42.161766	-76.878635
936	Corpus Christi, TX	27.707529	-97.366547
937	Royal Palm Beach, FL	26.680694	-80.207256
938	Lakeside, CA	32.856016	-116.926538
939	Alexandria, LA	31.274480	-92.464060
940	Savannah (Eisenhower Dr), GA	32.006862	-81.100893
941	Wichita (N Rock Rd), KS	37.747514	-97.249811
942	Newport News, VA	37.105453	-76.511379
943	Vestal, NY	42.092061	-75.953783
944	Lynchburg, VA	37.364578	-79.178341
945	Fort Myers (Merchants Crossing), FL	26.68273	-81.904592
946	Rogers, AR	36.335807	-94.145608
947	Port St. Lucie (US Hwy 1), FL	27.342992	-80.326395
948	Asheboro, NC	35.70021	-79.784914
949	Prattville, AL	32.466719	-86.451054
950	Hudson, NY	42.254941	-73.765677
951	Savannah, GA	32.053073	-81.144072
952	Havelock, NC	34.870584	-76.902974
953	Ardmore, PA	40.008723	-75.297017
954	Braintree, MA	42.206442	-71.022184
955	Flourtown, PA	40.111860	-75.215454
956	Niles, OH	41.20586	-80.743208
957	Greensboro, NC	36.071312	-79.867188
958	Dalton, GA	34.759099	-84.998751
959	Springfield, MA	42.138925	-72.579339
960	Indianapolis (86th St.), IN	39.913292	-86.20083
961	Norfolk (Little Creek Rd), VA	36.917984	-76.193959
962	Newport, KY	39.085356	-84.478402
963	Cicero, IL	41.848129	-87.744487
964	Hamden, CT	41.370192	-72.92176
965	Bay Shore, NY	40.728868	-73.276709
966	Portsmouth (Victory Blvd), VA	36.794268	-76.328091
967	Jenkintown, PA	40.106135	-75.122747
968	White Plains, NY	41.033341	-73.764281
969	El Paso (Northeast), TX	31.928198	-106.430618
970	Pickerington, OH	39.913615	-82.779682
971	Bayonne, NJ	40.654121	-74.135801
972	Suffolk, VA	36.738926	-76.571912
973	Lincoln (48th Street), NE	40.785293	-96.653854
974	New Port Richey, FL	28.288359	-82.677233
975	Lockport, NY	43.136319	-78.695293
976	Valdosta, GA	30.87539	-83.2933
977	Chicago (Belmont), IL	41.938655	-87.755398
978	Tucson (Tucson Mall), AZ	32.293151	-110.979097
979	Bay City, MI	43.62523	-83.893975
980	Irving, TX	32.822962	-96.970403
981	Dracut, MA	42.670369	-71.302005
982	Overland Park (135th St), KS	38.88379	-94.716496
983	Riverhead, NY	40.920206	-72.707334
984	Cincinnati (Eastgate), OH	39.093105	-84.268365
985	Orlando (Dr. Phillips), FL	28.444183	-81.475606
986	Johnston, RI	41.825744	-71.501643
987	Kankakee, IL	41.134973	-87.873924
988	Lancaster (Columbia), PA	40.031847	-76.475309
989	Elkton, MD	39.601603	-75.832247
990	Cincinnati (Colerain), OH	39.241212	-84.597946
991	Ft. Wayne (Southwest), IN	41.058220	-85.225109
992	Indianapolis (East Washington), IN	39.775158	-85.982811
993	Madera, CA	36.952904	-120.06144
994	Graham, NC	36.06316	-79.399341
995	Fort Worth (Camp Bowie Blvd), TX	32.722522	-97.456236
996	Cincinnati (Finneytown), OH	39.221683	-84.517665
997	Hazel Dell (Vancouver), WA	45.6932	-122.669
998	Dayville, CT	41.782758	-71.984487
999	Troy (Hoosick St), NY	42.742502	-73.649523
1000	Crestwood, MO	38.556854	-90.378626
1001	Northville, MI	42.43214	-83.477879
1002	Miami (West Kendall), FL	25.700188	-80.448056
1003	Kokomo, IN	40.476734	-86.10183
1004	Westminster (West 72nd), CO	39.82742	-105.051401
1005	Hampton Bays, NY	40.866799	-72.548224
1006	Augusta, GA	33.406417	-82.033301
1007	Ridgeland, MS	32.410508	-90.08936
1008	Wichita (New Leaf), KS	37.719987	-97.363841
1009	Toronto (Galleria Mall), ON	43.668081	-79.441949
1010	Brooklyn (Church Ave.), NY	40.650165	-73.957513
1011	Columbus, IN	39.223072	-85.887245
1012	Mesa, AZ	33.40814	-111.773502
1013	Plant City, FL	27.994094	-82.12123
1014	Middletown, OH	39.49553	-84.331312
1015	Mechanicsburg (Gettysburg Pike), PA	40.181823	-76.986689
1016	Cross Lanes, WV	38.412204	-81.804006
1017	Corona, CA	33.87693	-117.597489
1018	Fleming Island, FL	30.103351	-81.708623
1019	Evansville, IN	37.963498	-87.492569
1020	Revere, MA	42.425432	-71.010776
1021	Fayetteville (East), AR	36.084825892867	-94.119626498501
1022	Slidell, LA	30.286424	-89.779647
1023	Poplar Bluff, MO	36.765908	-90.414006
1024	Oro Valley (Rooney Ranch), AZ	32.397871	-110.960752
1025	York (West), PA	39.962128	-76.773392
1026	Albuquerque (4th), NM	35.145929	-106.641893
1027	Philadelphia (Germantown), PA	40.032206	-75.17968
1028	Malvern, ON	43.805694	-79.224442
1029	North Olmsted, OH	41.415469	-81.924016
1030	San Antonio (281 & Evans), TX	29.63518	-98.454759
1031	Chelsea, MA	42.403906	-71.022489
1032	Cathedral City, CA	33.7981202	-116.4603552
1033	Houston (Fondren Southwest), TX	29.657844	-95.508349
1034	Hayward, CA	37.650982	-122.101852
1035	Montgomeryville, PA	40.24574	-75.241029
1036	Hesperia, CA	34.424025	-117.386108
1037	Columbus, GA	32.508159	-84.963059
1038	Decatur, AL	34.55811	-86.998354
1039	Ft. Wayne (Northeast), IN	41.122592	-85.061569
1040	Bloomingdale, IL	41.949979	-88.120591
1041	West Springfield, MA	42.143748	-72.628472
1042	Terre Haute, IN	39.424915	-87.422101
1043	Vacaville, CA	38.366284	-121.971038
1044	Belchertown, MA	42.267531	-72.417594
1045	Chicago (Logan Square), IL	41.931391	-87.697168
1046	Des Plaines, IL	42.045879	-87.939182
1047	Novi, MI	42.523539	-83.516401
1048	Uniontown, PA	39.923904	-79.726729
1049	Jacksonville (Bartram), FL	30.141951	-81.519686
1050	Mobile (Tillman's Corner), AL	30.594267	-88.16627
1051	Columbus (Bethel Rd.), OH	40.065657	-83.073034
1052	Kent (104th Ave), WA	47.385666	-122.200816
1053	South Jordan, UT	40.543971	-111.9884155
1054	El Paso (West Side), TX	31.82376	-106.520218
1055	Morton Grove, IL	42.040807	-87.809338
1056	West Phoenix, AZ	33.477414	-112.219081
1057	Dover, DE	39.175993	-75.52201
1058	Cumberland, MD	39.631473	-78.752502
1059	Waterbury, CT	41.570775	-73.006302
1060	Jacksonville (Beach Blvd.), FL	30.28781	-81.435469
1061	Newington, CT	41.664519	-72.720799
1062	Hinesville, GA	31.843992	-81.601805
1063	Philadelphia (Rising Sun), PA	40.037078	-75.108397
1064	Salisbury, MD	38.348457	-75.600602
1065	Stone Mountain, GA	33.808161	-84.170196
1066	Madison, AL	34.753398	-86.753095
1067	Crawfordsville, IN	40.023168	-86.903279
1068	Toledo (Laskey Rd.), OH	41.707467	-83.605657
1069	Portland (SE Foster Rd), OR	45.4794555	-122.5695238
1070	Killeen, TX	31.114923	-97.721518
1071	East Peoria, IL	40.666571	-89.579766
1072	Loudonville, NY	42.708395	-73.77613
1073	Baltimore (Golden Ring), MD	39.334358	-76.485662
1074	Tulsa (Admiral), OK	36.160766	-95.899195
1075	Mansfield, OH	40.775116	-82.592228
1076	Mary Esther, FL	30.414927	-86.658633
1077	Clifton, NJ	40.888993	-74.150545
1078	Naugatuck, CT	41.468336	-73.023587
1079	Parma, OH	41.379838	-81.743745
1080	Niagara Falls, NY	43.089075	-78.969223
1081	Battle Creek, MI	42.29823	-85.201395
1082	Columbia (Two Notch at Polo), SC	34.102904	-80.909832
1083	Frankfort, KY	38.179159	-84.815927
1084	Clifton Park, NY	42.818286	-73.771952
1085	Winchester, VA	39.166022	-78.164679
1086	Tomball, TX	30.088727	-95.63623
1087	Malden, MA	42.429454	-71.046866
1088	Roanoke (Orange Ave.), VA	37.303757	-79.891550
1089	Loves Park, IL	42.322439	-89.057826
1090	Plaistow, NH	42.836478	-71.094781
1091	Fairfield (Black Rock Tpk), CT	41.161507	-73.230928
1092	Hamilton, NJ	40.207375	-74.694502
1093	Brooklyn (Bed Stuy), NY	40.680644	-73.951714
1094	Haltom City, TX	32.809847	-97.263301
1095	Anaheim (East Lincoln Ave), CA	33.837619	-117.884842
1096	Nashville (Charlotte Pike), TN	36.15016	-86.860532
1097	Lancaster (Millersville Pike), PA	40.026621	-76.328829
1098	Woodstock, GA	34.083258	-84.539096
1099	Burlington, MA	42.482801	-71.183751
1100	Piqua, OH	40.149804	-84.214374
1101	Abingdon, MD	39.465938	-76.313227
1102	Watertown, MA	42.363977	-71.196422
1103	Canton, GA	34.237747	-84.455843
1104	Las Cruces (Telshor), NM	32.33377	-106.759073
1105	Amesbury, MA	42.842265	-70.947948
1106	Holt, MI	42.651832	-84.526716
1107	Columbus (West Broad St.), OH	39.956908	-83.097152
1108	Orange, CA	33.799777	-117.838628
1109	Montgomery (Eastdale Circle), AL	32.386618	-86.209258
1110	El Paso (Far Far East), TX	31.786353	-106.267677
1111	West Monroe, LA	32.502791	-92.160075
1112	Pensacola North, FL	30.545254	-87.356733
1113	Birmingham (Crestline), AL	33.521546	-86.727328
1114	Carson, CA	33.798721	-118.274923
1115	Trumbull, CT	41.231653	-73.197806
1116	Coconut Creek (Hillsboro Blvd), FL	26.317795	-80.186162
1117	Alvin, TX	29.406942	-95.233538
1118	Latrobe, PA	40.287382	-79.385727
1119	Los Angeles (DTLA), CA	34.048708	-118.250384
1120	Bangor, ME	44.82249	-68.778475
1121	Columbia Heights, MN	45.060104	-93.249185
1122	Sulphur, LA	30.221192	-93.376785
1123	Detroit (Gateway), MI	42.446647	-83.118466
1124	Columbus (S High Street), OH	39.890798	-82.999191
1125	Riverdale, GA	33.56228	-84.417573
1126	Falls Church, VA	38.874464	-77.154632
1127	Westmont, NJ	39.912417	-75.053888
1128	York (East), PA	39.956476	-76.67174
1129	San Antonio (MacArthur Park), TX	29.564233	-98.385582
1130	Henderson, NV	36.063617	-115.051428
1131	Livonia (7 Mile), MI	42.427056	-83.336586
1132	Carolina (Escorial), PR	18.394289	-66.006993
1133	Pittsfield, MA	42.466899	-73.204101
1134	Reading (N 5th St), PA	40.380622	-75.929638
1135	Anderson, IN	40.070949	-85.652707
1136	Levittown, NY	40.725358	-73.523742
1137	Houston (Copperfield), TX	29.902947	-95.63582
1138	Rothschild, WI	44.865516	-89.634157
1139	Elizabeth City, NC	36.2889	-76.251099
1140	Cranston, RI	41.789511	-71.500734
1141	Lincolnwood, IL	42.005035	-87.714301
1142	Tustin, CA	33.697899	-117.829575
1143	Waukegan, IL	42.392586	-87.856246
1144	Decatur (Wesley Chapel), GA	33.715684	-84.211687
1145	Concord (Concord Commons Place), NC	35.391034	-80.623067
1146	Lancaster (Granite Run), PA	40.074168	-76.328684
1147	Florence, SC	34.1876	-79.833114
1148	Pensacola (Bellview), FL	30.46022	-87.298832
1149	Dundalk, MD	39.275348	-76.50343
1150	Boise (Orchard), ID	43.589781	-116.243953
1151	Birmingham (Roebuck), AL	33.585791	-86.703350
1152	Groves, TX	29.939471	-93.938421
1153	Fenton, MI	42.790604	-83.732494
1154	Lake Havasu City, AZ	34.477279	-114.341425
1155	South Ogden, UT	41.191431	-111.972562
1156	Porterville, CA	36.065921	-119.046616
1157	Albuquerque (Gibson), NM	35.058686	-106.581408
1158	Madison (Mineral Point), WI	43.058782	-89.512554
1159	Bronx (Fordham Rd), NY	40.862109	-73.894826
1160	Bloomington, IN	39.16277	-86.577537
1161	Quincy, MA	42.255702	-71.008561
1162	Loveland, CO	40.408653	-105.057938
1163	Indianapolis (North Keystone Avenue), IN	39.849361	-86.126466
1164	Los Lunas, NM	34.813039	-106.760661
1165	Englewood, OH	39.865642	-84.293097
1166	Schererville, IN	41.503881	-87.471204
1167	Danbury, CT	41.42363	-73.419914
1168	Penfield, NY	43.133702	-77.49718
1169	Tyler, TX	32.3322	-95.2647
1170	Katy, TX	29.783341	-95.796125
1171	Concord (Fort Eddy Rd), NH	43.216083	-71.530435
1172	Port Jervis, NY	41.355332	-74.677584
1173	Harrisburg (Allentown Blvd.), PA	40.322593	-76.788153
1174	Valley Forge, PA	40.12886	-75.403147
1175	Plover, WI	44.494364	-89.517811
1176	Reisterstown, MD	39.449446	-76.815195
1177	Stratham, NH	42.996621	-70.922557
1178	Goffstown, NH	43.001748	-71.515085
1179	Edison, NJ	40.507059	-74.396072
1180	Roy, UT	41.161713	-112.02719
1181	Evanston, IL	42.031557	-87.707403
1182	Strongsville, OH	41.309288	-81.817731
1183	Winston-Salem (Reynolda Rd), NC	36.141982	-80.300653
1184	Oklahoma City (Quail Plaza), OK	35.581224	-97.567623
1185	Plainsboro, NJ	40.336788	-74.594259
1186	Daly City, CA	37.687414	-122.47
1187	Wayne, NJ	40.956051	-74.227925
1188	Cincinnati (Western Hills), OH	39.144936	-84.622604
1189	Nashua (Coliseum), NH	42.762426	-71.501127
1190	Hobbs, NM	32.723004	-103.146489
1191	Port Charlotte, FL	27.01575	-82.05415
1192	Cincinnati (TriCounty), OH	39.29672	-84.466155
1193	Las Cruces, NM	32.2966	-106.772
1194	Jonesboro, AR	35.825833	-90.679439
1195	Houston (Mission Bend), TX	29.702336	-95.641702
1196	Milford, DE	38.914623	-75.44327
1197	Downey, CA	33.95435	-118.115858
1198	Auburn (Grant Ave), NY	42.949491	-76.549936
1199	Gainesville (Washington Square), GA	34.295925	-83.842239
1200	Springfield, OR	44.04576	-122.962494
1201	West Boylston, MA	42.351048	-71.788291
1202	Reading (Salem St), MA	42.528564	-71.109927
1203	Glen Burnie, MD	39.197104	-76.596746
1204	Newburgh, NY	41.520878	-74.02891
1205	Virginia Beach, VA	36.814598	-76.109271
1206	Medford, MA	42.407745	-71.083137
1207	Clinton Township, MI	42.546472	-82.904264
1208	San Diego (University Ave), CA	32.754725	-117.055978
1209	Lexington, NC	35.7844522	-80.2576383
1210	Madison, TN	36.249572	-86.719493
1211	Waycross, GA	31.200644	-82.325791
1212	Kennewick, WA	46.209326	-119.223676
1213	Warner Robins, GA	32.593955	-83.63807
1214	Fayetteville, GA	33.470519	-84.447751
1215	Coventry, RI	41.691943	-71.554844
1216	Philadelphia (Red Lion Road), PA	40.095273	-75.017617
1217	Akron, OH	41.066733	-81.569979
1218	Sanford, ME	43.414081	-70.747286
1219	Grandville, MI	42.882584	-85.7572
1220	Pittsburgh (Edgewood), PA	40.427303	-79.888684
1221	St. Peters (Mid Rivers Mall), MO	38.794968	-90.612069
1222	Casa Grande, AZ	32.87748	-111.730419
1223	Hickory Hills, IL	41.718495	-87.817818
1224	Oviedo, FL	28.649341	-81.206146
1225	Clementon, NJ	39.803063	-75.038896
1226	Indianapolis (Hardegan St.), IN	39.63837	-86.125565
1227	Manhattan (Washington Heights), NY	40.83455	-73.94504
1228	Jacksonville (Oak Hill Village), FL	30.247122	-81.774682
1229	Christiansburg (New River Valley Mall), VA	37.165250	-80.429067
1230	Yuma, AZ	32.699909	-114.6036
1231	Indianapolis (Beech Grove), IN	39.694579	-86.08138
1232	Muskegon (East Apple Ave), MI	43.2319493	-86.2087281
1233	Rockford, IL	42.241351	-89.028907
1234	Port St. Lucie (Darwin), FL	27.248155	-80.376831
1235	Yuba City, CA	39.144264	-121.634866
1236	Saratoga Springs, NY	43.101312	-73.739171
1237	Oceanside, CA	33.206974	-117.288631
1238	Cary, NC	35.776823	-78.765842
1239	Kahului, HI	20.8742698	-156.4601469
1240	Cumming, GA	34.188821	-84.150759
1241	Bronx (Castle Hill Ave), NY	40.834679	-73.850607
1242	Grand Island, NE	40.921915	-98.429873
1243	Chicago (Pullman Park), IL	41.702204	-87.590935
1244	Bremerton, WA	47.606334	-122.631089
1245	Mt. Juliet, TN	36.190139	-86.5131
1246	Burnsville, MN	44.7446	-93.294459
1247	Santa Mara Plaza, Panam	9.026753	-79.470931
1248	Columbia (Dutch Square), SC	34.032598	-81.092562
1249	Austin (S I-Hwy 35), TX	30.19041	-97.770079
1250	Franklin, MA	42.068437	-71.423029
1251	Palm Coast, FL	29.555865	-81.215306
1252	Alhambra, CA	34.078745	-118.116147
1253	Hicksville, NY	40.74469	-73.499066
1254	Eatontown, NJ	40.288684	-74.051748
1255	Hermitage, TN	36.191133	-86.629155
1256	Vista, CA	33.171385	-117.222251
1257	Glenmont, NY	42.60186	-73.789783
1258	Lubbock, TX	33.547666	-101.886818
1259	Manhattan (Dyckman St.), NY	40.864429	-73.926155
1260	South Toms River, NJ	39.949655	-74.200593
1261	Las Vegas (Rainbow/215 Highway), NV	36.064756	-115.250777
1262	Grand Rapids, MI	42.912536	-85.577456
1263	North Huntingdon, PA	40.332691	-79.74246
1264	Humble, TX	30.00387	-95.26421
1265	Miami (Westchester), FL	25.760912	-80.333851
1266	West Des Moines, IA	41.571506	-93.7314
1267	Indianapolis (Madison Ave), IN	39.725959	-86.152966
1268	Gadsden, AL	33.995382	-86.006397
1269	Fort Myers (S. Tamiami Trail), FL	26.478751	-81.836046
1270	Forest Hill (Bel Air), MD	39.557493	-76.369745
1271	Morristown, TN	36.220194	-83.262831
1272	Springfield, VA	38.779743	-77.238457
1273	Colonial Heights, VA	37.265853	-77.396943
1274	Plantation, FL	26.148797	-80.259725
1275	Butler, PA	40.872158	-79.932735
1276	San Bernardino (E. Highland and Sterling), CA	34.13415	-117.242644
1277	Chicago (Little Village), IL	41.853262	-87.69016
1278	Fort Worth (Wedgewood), TX	32.669089	-97.384227
1279	Norwood, MA	42.181098	-71.218999
1280	Medford, NY	40.810076	-72.953964
1281	Hemet, CA	33.749021	-116.957606
1282	Mays Landing, NJ	39.456333	-74.647746
1283	Mt. Clemens, MI	42.600094	-82.899726
1284	Chesterfield Township, MI	42.670385	-82.831716
1285	State College, PA	40.831711	-77.800637
1286	Charlottesville, VA	38.011504	-78.500405
1287	Racine, WI	42.698997	-87.846032
1288	Seneca, SC	34.69247	-82.986562
1289	Madison (East Towne Mall), WI	43.125104	-89.304899
1290	Keene, NH	42.928458	-72.277499
1291	Houston (Steeplechase), TX	29.92775	-95.585324
1292	Caguas, PR	18.231704	-66.035149
1293	Hutchinson, KS	38.0567	-97.925588
1294	Medford, OR	42.312632	-122.855285
1295	Williamsport, PA	41.246902	-76.984237
1296	Brick, NJ	40.043891	-74.141916
1297	Brooklyn Park, MN	45.094611	-93.379145
1298	Farragut, TN	35.881082	-84.165974
1299	Wareham, MA	41.757909	-70.667304
1300	Mahopac, NY	41.371712	-73.737452
1301	Cleburne, TX	32.336308	-97.421419
1302	Port Jefferson Station, NY	40.929593	-73.051975
1303	Camillus, NY	43.042932	-76.252301
1304	Sylvania, OH	41.690405	-83.697116
1305	Milwaukee (East Capitol), WI	43.087933	-87.901905
1306	Moline, IL	41.490769	-90.483603
1307	Eureka, CA	40.779875	-124.189324
1308	Shreveport, LA	32.426972	-93.718987
1309	Stuart, FL	27.178685	-80.237691
1310	Tallmadge, OH	41.087936	-81.441383
1311	Queens (Wyckoff), NY	40.69983	-73.91137
1312	Elgin, IL	42.018828	-88.337167
1313	Mount Pleasant, SC	32.842116	-79.853528
1314	Montgomery (Douglas Rd), IL	41.721602	-88.31942
1315	Tampa (Twelve Oaks), FL	28.025727	-82.561001
1316	Taylor, MI	42.223446	-83.269341
1317	Cleveland, TN	35.130459	-84.875436
1318	Spokane Valley, WA	47.657115	-117.228833
1319	Duncan, OK	34.519921	-97.965974
1320	Midlothian, VA	37.436729	-77.596599
1321	Aberdeen, MD	39.52146	-76.180134
1322	Rochester Hills, MI	42.677998	-83.153109
1323	Tulsa (Riverside), OK	36.061591	-95.974897
1324	Hillsborough, NC	36.060407	-79.104365
1325	Newark, NJ	40.743747	-74.171207
1326	Cerritos, CA	33.869869	-118.063066
1327	National City, CA	32.659291	-117.105375
1328	Dallas (Marsh Lane), TX	32.881075	-96.85752
1329	Maryville, TN	35.740451	-83.992102
1330	Champaign, IL	40.11993	-88.276606
1331	Snellville, GA	33.857153	-84.009491
1332	Seat Pleasant, MD	38.886862	-76.901315
1333	Costa Mesa, CA	33.653884	-117.918835
1334	Memphis (Midtown), TN	35.142373	-90.00719
1335	Moorhead, MN	46.850973	-96.76574
1336	Ocean Springs, MS	30.413999	-88.805514
1337	Mobile (Dauphin St.), AL	30.689372	-88.115939
1338	Fremont, CA	37.529465	-121.999439
1339	Branford, CT	41.297758	-72.77412
1340	Glenville, NY	42.873337	-73.928829
1341	Dallas (North Dallas), TX	32.933299	-96.817381
1342	Dunn, NC	35.321849	-78.641091
1343	East Boston, MA	42.386661	-71.018743
1344	Marlborough, MA	42.3383144	-71.5870508
1345	Paso Robles, CA	35.62277	-120.660498
1346	Hingham, MA	42.24979	-70.906401
1347	Manassas, VA	38.795627	-77.521361
1348	Chicago (Ave O), IL	41.68159	-87.537714
1349	Fairview Heights, IL	38.600899	-89.990314
1350	Davenport, IA	41.560527	-90.582486
1351	Milwaukee (Downtown), WI	43.037837	-87.910323
1352	Lake City, FL	30.179371	-82.6801017
1353	North Bergen, NJ	40.807268	-74.016611
1354	Midland, TX	32.000442	-102.117845
1355	Millcreek, UT	40.701827	-111.794599
1356	Dallas (Westmoreland) , TX	32.726153	-96.872975
1357	Brighton, MI	42.522655	-83.766714
1358	Phoenix (Metro Center), AZ	33.58186	-112.131981
1359	Wethersfield, CT	41.685583	-72.656338
1360	Murfreesboro, TN	35.849038	-86.425312
1361	Millville, NJ	39.424163	-75.041227
1362	Willowick, OH	41.635715	-81.477432
1363	Rome, NY	43.235742	-75.436337
1364	Chicago (Washington Square), IL	41.909524	-87.749055
1365	Kalamazoo, MI	42.270385	-85.643972
1366	Palm Beach Gardens, FL	26.821587	-80.08534
1367	Midland (Joe Mann Blvd), MI	43.658564	-84.234913
1368	Fairbanks, AK	64.836192	-147.742571
1369	Kingston (GateWay Shopping Center), PA	41.257302	-75.902829
1370	Ft. Wayne (Dupont), IN	41.179098	-85.170991
1371	Staten Island Forest, NY	40.625222	-74.157161
1372	Woodland Park, NJ	40.875307	-74.200106
1373	Longmont, CO	40.197832	-105.102453
1374	Ocoee, FL	28.550225	-81.540337
1375	Philadelphia (South Philly), PA	39.919593	-75.188316
1376	Dartmouth, MA	41.601541	-70.941416
1377	Mankato, MN	44.170439	-93.952718
1378	Orlando (Fashion Square), FL	28.553398	-81.344767
1379	Queens (Jamaica), NY	40.702586	-73.81828
1380	Hanover, PA	39.788206	-76.969904
1381	Abilene, TX	32.419837	-99.760896
1382	Philadelphia (Park West), PA	39.978221	-75.226045
1383	Little Rock, AR	34.754111	-92.401659
1384	Lower Mills (Mattapan), MA	42.27104	-71.074882
1385	Odessa, TX	31.864467	-102.398465
1386	Amsterdam, NY	42.961667	-74.183866
1387	Wilmington (Justison St), DE	39.729367	-75.562377
1388	Waldorf, MD	38.622293	-76.917247
1389	Great Neck, NY	40.785681	-73.727962
1390	Derby, CT	41.331523	-73.084493
1391	Knoxville (Kingston Pike), TN	35.913011	-84.094992
1392	Paterson, NJ	40.915621	-74.169763
1393	Lebanon, PA	40.339842	-76.45348
1394	Queensbury, NY	43.326835	-73.676618
1395	North Miami Beach, FL	25.924858	-80.167407
1396	Gonzales, LA	30.245113	-90.919645
1397	Baton Rouge, LA	30.455578	-91.078171
1398	Yakima, WA	46.607099	-120.488709
1399	Clarksville, IN	38.310465	-85.768245
1400	Kent, OH	41.140642	-81.356942
1401	Manitowoc, WI	44.088168	-87.688894
1402	Dearborn (Ford Rd), MI	42.329068	-83.218291
1403	Holiday, FL	28.198245	-82.738102
1404	Citrus Heights, CA	38.694014	-121.271577
1405	Portsmouth (Churchland), VA	36.864463	-76.39313
1406	Southgate, MI	42.199309	-83.189913
1407	Tallahassee (Capital Circle), FL	30.429213	-84.228363
1408	Elmwood Park, IL	41.92738	-87.806699
1409	Cookeville, TN	36.13642	-85.500711
1410	Eau Claire, WI	44.785689	-91.457744
1411	Houston (Westfield), TX	30.019725	-95.434462
1412	Plattsburgh, NY	44.694852	-73.494018
1413	Hendersonville, TN	36.314781	-86.589884
1414	Simpsonville, SC	34.707842	-82.251659
1415	Houston (Langham Creek), TX	29.879519	-95.682851
1416	Fontana, CA	34.068217	-117.440712
1417	Wentzville, MO	38.803952	-90.856214
1418	Omaha (Ames Ave.), NE	41.299573	-96.002159
1419	LaGrange, GA	33.048014	-85.026476
1420	Albuquerque (Irving), NM	35.200327	-106.67874
1421	Appleton (East), WI	44.25608	-88.348884
1422	Brookfield, WI	43.090693	-88.10751
1423	Miami Gardens, FL	25.931381	-80.243737
1424	Opelika, AL	32.640248	-85.413678
1425	Lancaster (Ephrata), PA	40.193863	-76.173493
1426	Brook Park, OH	41.405102	-81.804011
1427	Modesto West, CA	37.668921	-121.032069
1428	Coon Rapids, MN	45.134500	-93.268900
1429	Ridley Park, PA	39.886995	-75.328572
1430	Dayton (Centerville), OH	39.630692	-84.191482
1431	Commerce Township, MI	42.59519	-83.443858
1432	Shreveport (W 70th Street), LA	32.441918	-93.781953
1433	Houston (Sharpstown), TX	29.690818	-95.529674
1434	Greensboro (Golden Gate), NC	36.103915	-79.782377
1435	Jackson, NJ	40.118908	-74.253668
1436	Baltimore City (Belair Rd.), MD	39.3369	-76.5531
1437	Hammond, IN	41.570078	-87.474147
1438	Lynn, MA	42.477459	-70.956008
1439	S. Plainfield, NJ	40.55371	-74.43189
1440	Bronx (Southern Blvd.), NY	40.824078	-73.891789
1441	Taunton, MA	41.902521	-71.099807
1442	Las Vegas (Flamingo), NV	36.116765	-115.102953
1443	Ballwin, MO	38.596157	-90.488458
1444	Hamilton, OH	39.428252	-84.596484
1445	Hazlet, NJ	40.419925	-74.181674
1446	Chicago (Avondale), IL	41.937845	-87.727588
1447	Adrian, MI	41.878669	-84.043237
1448	Glendale (Downtown), AZ	33.538301	-112.169438
1449	Melville, NY	40.760593	-73.420371
1450	Lima, OH	40.752996	-84.147088
1451	Brunswick, OH	41.227804	-81.838642
1452	Chicago (Streeterville), IL	41.891278	-87.620415
1453	Bridgeport, WV	39.286479	-80.256198
1454	Kannapolis, NC	35.475586	-80.609534
1455	Lakewood (Colfax Ave), Co	39.740395	-105.069371
1456	St. Albans, VT	44.814251	-73.082267
1457	Lake Elsinore, CA	33.654385	-117.29729
1458	Elizabeth, NJ	40.678348	-74.209212
1459	Cartersville, GA	34.194595	-84.79084
1460	Marshall, TX	32.53941	-94.351429
1461	Brunswick, GA	31.216927	-81.489945
1462	Natick, MA	42.282209	-71.386217
1463	Nazareth, PA	40.730350	-75.318030
1464	Macedonia, OH	41.315072	-81.506561
1465	Statesville, NC	35.792849	-80.851913
1466	Lakewood, CO	39.657387	-105.083615
1467	Easley, SC	34.821122	-82.583525
1468	Hatillo, PR	18.407438	-66.871941
1469	Crown Point, IN	41.428904	-87.337991
1470	Etobicoke, ON	43.718627	-79.596795
1471	Pine Bluff, AR	34.200894	-92.006783
1472	Albany (Crossgates Commons), NY	42.699089	-73.849586
1473	Fredericksburg (Massaponax), VA	38.221106	-77.504594
1474	Auburndale, FL	28.0536	-81.780509
1475	North Attleboro, MA	41.931676	-71.356328
1476	Buena Park, CA	33.832988	-118.010904
1477	Austintown, OH	41.102074	-80.776284
1478	Tempe (West), AZ	33.391742	-111.963935
1479	College Station, TX	30.607365	-96.308638
1480	Hillsborough, NJ	40.523769	-74.628458
1481	Franklin, TN	35.916981	-86.834524
1482	El Paso (Pebble Hills), TX	31.7835	-106.3264
1483	St. Joseph, MO	39.754112	-94.802122
1484	Bryan, TX	30.652084	-96.340609
1485	Perrysburg, OH	41.545836	-83.61938
1486	Providence, RI	41.81889	-71.42243
1487	Frederick, MD	39.416798	-77.442456
1488	Albuquerque (Alameda), NM	35.185081	-106.5924
1489	Gardner, MA	42.563	-71.9801
1490	Orem, UT	40.299654	-111.69613
1491	Kissimmee, FL	28.306757	-81.442143
1492	Woodbridge, VA	38.640178	-77.266386
1493	Meriden, CT	41.510392	-72.808198
1494	Fall River, MA	41.69077	-71.14011
1495	Harrisonburg, VA	38.433542	-78.841288
1496	Kenosha, WI	42.575769	-87.885802
1497	Iowa City (Iowa City Market Place), IA	41.642676	-91.50959
1498	Jacksonville, NC	34.751101	-77.412649
1499	Bowling Green, KY	36.966922	-86.434711
1500	Cornelius, NC	35.480661	-80.881546
1501	Colorado Springs, CO	38.826198	-104.782092
1502	Madison (West Broadway), WI	43.046923	-89.351753
1503	Raleigh (Forestville Commons), NC	35.892224	-78.509439
1504	Danville, VA	36.584977	-79.425798
1505	Oak Lawn, IL	41.719647	-87.738973
1506	Tamarac, FL	26.195105	-80.249381
1507	Norfolk (Military Hwy), VA	36.846636	-76.211815
1508	Joliet, IL	41.576348	-88.157368
1509	Janesville, WI	42.705099	-89.006139
1510	Auburn, ME	44.125467	-70.227106
1511	Hampton, VA	37.042686	-76.384406
1512	Roseville, MN	45.01003	-93.172479
1513	North Highlands, CA	38.675249	-121.384217
1514	Des Moines (Redondo Square), WA	47.359219	-122.313687
1515	Marysville, WA	48.066053	-122.176862
1516	Tampa (Fowler), FL	28.0542	-82.3924
1517	Westminster, CO	39.861552	-105.080257
1518	Greenville, NC	35.561127	-77.40802
1519	Monroe, LA	32.526234	-92.094619
1520	Cape Coral, FL	26.624925	-81.94124
1521	Gates, NY	43.165367	-77.692471
1522	Green Bay (East), WI	44.493719	-87.976974
1523	Casper, WY	42.848687	-106.287491
1524	Rockledge, FL	28.329853	-80.720395
1525	Daytona Beach, FL	29.178637	-81.027174
1526	Russellville, AR	35.281419	-93.133615
1527	Bardstown, KY	37.824833	-85.46624
1528	Santa Ana, CA	33.774152	-117.884751
1529	Amherst, NY	42.990852	-78.811275
1530	Florence, KY	38.986701	-84.649845
1531	Morgantown, WV	39.657632	-79.892224
1532	Chapel Hill, NC	35.931076	-79.037216
1533	Fresno (East Barstow), CA	36.815758	-119.774979
1534	Livonia (Five Mile Rd.), MI	42.396089	-83.414966
1535	Boston (Downtown Crossing), MA	42.355908	-71.061359
1536	Dallas (S. Buckner), TX	32.740826	-96.684281
1537	Jacksonville (Promenade Shopping Center), FL	30.28817	-81.565204
1538	Anderson, SC	34.543036	-82.67138
1539	El Paso (Central), TX	31.783517	-106.428155
1540	Martinez, GA	33.50856	-82.09206
1541	Manhattan (Herald Square), NY	40.75133	-73.991043
1542	Nashville (Murfreesboro Pike), TN	36.083096	-86.647147
1543	Louisville (Central Station), KY	38.202998	-85.763066
1544	Marion, IN	40.535064	-85.635563
1545	North Versailles, PA	40.384317	-79.823655
1546	Milford, MI	42.582385	-83.6126792
1547	Cambridge (Mass Ave), MA	42.38727	-71.1186
1548	Winnipeg (South Pembina), MB	49.7873369	-97.1609508
1549	Silver Spring (South), MD	38.9942322	-77.0306424
1550	Apple Valley, MN	44.7279778	-93.2172933
1551	Annaville, TX	27.8502337	-97.5924787
1552	Bulverde, TX	29.7969284	-98.4296346
1553	Cornwall, ON	45.0239439	-74.7532514
1554	Columbus, MS	33.5162197	-88.4354182
1555	Columbia (Cayce), SC	33.9881062	-81.0580125
1556	Ankeny, IA	41.7131637	-93.5801797
1557	Clinton, IA	41.8149324	-90.2314613
1558	Foley, AL	30.38776	-87.6845755
1559	Parker, CO	39.5174425	-104.7699805
1560	Reno (Northtowne Lane), NV	39.5538457	-119.787587
1561	Las Vegas (Silverado Ranch), NV	36.010789	-115.1362074
1562	Tucson (Swanway Plaza), AZ	32.2207812	-110.8930778
1563	Phenix City, AL	32.457046	-85.0144667
1564	Ocala (SW 24th Ave), FL	29.1595242	-82.166378
1565	Tonawanda, NY	42.9818	-78.8683
1566	Brooksville, FL	28.5357396	-82.5155796
1567	Abbotsford, BC	49.0452939	-122.2962013
1568	Wadsworth, OH	41.0424915	-81.697272
1569	Detroit (Riverfront), MI	42.3326952	-83.0346216
1570	Big Rapids, MI	43.6878276	-85.504584
1571	Marshalltown, IA	42.0157385	-92.9118382
1572	Covington, LA	30.4358995	-90.0870616
1573	Goldsboro, NC	35.3732348	-77.953924
1574	Marietta (Roswell Rd), GA	33.9520442	-84.5149799
1575	Olive Branch, MS	34.9617405	-89.8994984
1576	Egg Harbor Township, NJ	39.39403	-74.56115
1577	El Dorado, AR	33.231982	-92.668788
1578	Fort Washington, MD	38.713446	-76.988668
1579	Federal Way, WA	47.314025	-122.318716
1580	Urbana, IL	40.096392	-88.192907
1581	Woodbridge Twp, NJ	40.5598841	-74.2965126
1582	Chicago (N. Broadway Ave), IL	41.9483205	-87.6502518
1583	Goodlettsville, TN	36.322064	-86.702804
1584	Cullman, AL	34.1393351	-86.8254339
1585	Orangeburg, SC	33.5159745	-80.8644732
1586	Cheyenne, WY	41.1622068	-104.8072454
1587	Chicago (E 47th St), IL	41.8091583	-87.5962083
1588	Bethlehem, PA	40.6364864	-75.351529
1589	California, MD	38.3100043	-76.5364308
1590	Clovis, CA	36.8071059	-119.7015073
1591	Effingham, IL	39.1319484	-88.5614498
1592	Cleveland, OH	41.481011	-81.7119758
1593	Cheektowaga, NY	42.9052052	-78.7803279
1594	Spring Valley, NY	41.1074779	-74.0439194
1595	Pineville, NC	35.0898188	-80.8683772
1596	Knoxville (Chapman Hwy), TN	35.9319004	-83.9049786
1597	Cutler Bay, FL	25.5893251	-80.3599197
1598	Crestwood, IL	41.6522838	-87.7437383
1599	Shelbyville, IN	39.523254	-85.7421377
1600	Denver (Downtown), CO	39.7463382	-104.9953925
1601	Lompoc, CA	34.6542776	-120.4588527
1602	Middletown, RI	41.513173	-71.3046056
1603	Aurora (S Buckley Rd), CO	39.6851737	-104.7929296
1604	Gloucester, VA	37.3916068	-76.5290665
1605	Bluefield, WV	37.297586	-81.1705486
1606	Grand Blanc, MI	42.9273621	-83.6305972
1607	Middleborough, MA	41.8834803	-70.9124927
1608	Surprise, AZ	33.6383294	-112.3981048
1609	Scottsdale (Ranch), AZ	33.5739187	-111.8649967
1610	Bartlesville, OK	36.7494745	-95.9358543
1611	Brooklyn (Kings Highway), NY	40.609566	-73.9592357
1612	Sugarcreek Township, OH	39.6505859	-84.112215
1613	Cambridge, ON	43.3980462	-80.3285306
1614	Lake Orion, MI	42.7659895	-83.2425706
1615	Auburn Hills, MI	42.7000102	-83.3086819
1616	Holland, OH	41.6170074	-83.6892739
1617	Wayne, MI	42.282101	-83.3830117
1618	Garden City, MI	42.3282235	-83.331262
1619	Louisville (Westport Road), KY	38.2848255	-85.5810459
1620	Lake Jackson, TX	29.0419752	-95.4581672
1621	Centennial Mall, Panam	9.0307156	-79.534238
1622	On D Go, La Chorrera	8.8788735	-79.7846409
1623	Cedartown, GA	34.0243975	-85.2508204
1624	Mill Creek, WA	47.8769447	-122.216495
1625	Omaha (Walnut Grove), NE	41.2075502	-96.1577715
1626	Pekin, IL	40.5478989	-89.6054201
1627	Wheaton, IL	41.8373712	-88.1031784
1628	Albany, GA	31.6182069	-84.2158234
1629	Radcliff, KY	37.8389954	-85.949968
1630	Bismarck, ND	46.8362293	-100.7792296
1631	Merrimack, NH	42.8496589	-71.4964762
1632	Bluffton, SC	32.2483154	-80.8478385
1633	Bronx (Jerome Ave), NY	40.8396972	-73.9197833
1634	Nashville (Bellevue), TN	36.0767007	-86.9531375
1635	Boerne, TX	29.7794735	-98.7288939
1636	Victoria, TX	28.8437761	-97.0002132
1637	Houston (North Oaks), TX	29.9835782	-95.5045157
1638	Bakersfield (Niles St), CA	35.3746632	-118.9376022
1639	Chicago (W Foster Ave), IL	42.1813228	-88.0037747
1640	Arlington Heights, IL	42.1159916	-87.9853401
1641	Pembroke, ON	45.8209041	-77.0866474
1642	Pasco, WA	46.3373613	-119.237302
1643	Valparaiso, IN	41.4568657	-87.0372089
1644	San Dimas, CA	34.1038583	-117.8192539
1645	Carolina (Los Colobos), PR	18.3754681	-65.9302953
1646	Brisas Mall, PAN	8.9320511	-80.1963088
1647	Saskatoon, SK	52.101643	-106.6225463
1648	Westminster (W 88th St), CO	39.8589205	-105.0854664
1649	Defiance, OH	41.3028877	-84.3657615
1650	Hamburg, NY	42.7327421	-78.826425
1651	Plano, TX	33.0162096	-96.7118819
1652	Guaynabo, PR	18.3665346	-66.1258655
